﻿{"cameraMode":{"drawMode":0,"name":"Shaded","section":"Shading Mode"},"sceneLighting":true,"audioPlay":false,"sceneViewState":{"showFog":true,"showMaterialUpdate":true,"showSkybox":true,"showFlares":true,"showImageEffects":true,"showParticleSystems":true},"in2DMode":false,"pivot":{"x":5.045814514160156,"y":-13.340566635131836,"z":7.728046417236328},"rotation":{"x":-0.1428583562374115,"y":0.855872392654419,"z":-0.3253909647464752,"w":-0.37575891613960268},"size":30.671110153198243,"orthographic":false}